Tema,Macrocategoria,Termine Generico,Macrocategory
Accattonaggio,,,Not Found
Aldilà,,,Not Found
Alimentari,,,Not Found
Amerindi,,,Not Found
Ammirazione,,,Not Found
Animali fantastici,,,Not Found
Ansia,,,Not Found
Antiutopia,,,Not Found
Apoplessia,,,Not Found
Assimilazione culturale,,,Not Found
Astri,,,Not Found
Autocrazia,,,Not Found
Autodeterminazione,,,Not Found
Balocchi,,,Not Found
Banditismo,,,Not Found
Beat generation,,,Not Found
Bellezza,,,Not Found
Bestie feroci,,,Not Found
Bevande alcoliche,,,Not Found
Bildungsroman,,,Not Found
Body building,,,Not Found
Boia,,,Not Found
Boxe,,,Not Found
Bronzo,,,Not Found
Bucanieri,,,Not Found
Calamità naturali,,,Not Found
Calzoni,,,Not Found
Campagna,,,Not Found
Capra,,,Not Found
Carattere,,,Not Found
Carbone,,,Not Found
Cartoni animati,,,Not Found
Casinò,,,Not Found
Catabasi,,,Not Found
Cattiveria,,,Not Found
Chierici vaganti,,,Not Found
Chiropratica,,,Not Found
Cieco,,,Not Found
Nuvole,,,Not Found
Circolazione sanguigna,,,Not Found
Clochard,,,Not Found
Club,,,Not Found
Cognitivismo,,,Not Found
Compact disc,,,Not Found
Complesso di Elettra,,,Not Found
Compravendita,,,Not Found
Computer,,,Not Found
Concepimento,,,Not Found
Confino,,,Not Found
Contrizione,,,Not Found
Cosmo,,,Not Found
Crudeltà,,,Not Found
Cucina,,,Not Found
Culti misterici,,,Not Found
Cute,,,Not Found
Dandysmo,,,Not Found
Dei,,,Not Found
Denaro,,,Not Found
Detective,,,Not Found
Diavolo,,,Not Found
Disonore,,,Not Found
Dodecafonia,,,Not Found
Eden,,,Not Found
Eliocentrismo,,,Not Found
Eloquenza,,,Not Found
Epistole,,,Not Found
Epopea,,,Not Found
Equivoco,,,Not Found
Età della pietra,,,Not Found
Etnografia,,,Not Found
Evirazione,,,Not Found
Ex voto,,,Not Found
Falco,,,Not Found
Fanciullezza,,,Not Found
Faraone,,,Not Found
Fariseismo,,,Not Found
Farmaceutica,,,Not Found
Fatalità,,,Not Found
Fedeli,,,Not Found
Feuilleton,,,Not Found
Fiamme,,,Not Found
Filosofia naturale,,,Not Found
Follia,,,Not Found
Fondamenta,,,Not Found
Frigidità,,,Not Found
Frumento,,,Not Found
Galateo,,,Not Found
Garage,,,Not Found
Genitali,,,Not Found
Geocentrismo,,,Not Found
Ghiottoneria,,,Not Found
Gioco del lotto,,,Not Found
Gnosi,,,Not Found
Goliardia,,,Not Found
Golosità,,,Not Found
Golpe,,,Not Found
Grembo materno,,,Not Found
Gulag,,,Not Found
Handicap,,,Not Found
Hippie,,,Not Found
Hobby,,,Not Found
Hotel,,,Not Found
Identità nazionale,,,Not Found
Identità sociale,,,Not Found
Ignominia,,,Not Found
Impotenza,,,Not Found
Indigestione,,,Not Found
Indios,,,Not Found
Indolenza,,,Not Found
Infermità,,,Not Found
Infrazione,,,Not Found
Integralismo islamico,,,Not Found
Inventiva,,,Not Found
Islam,,,Not Found
Isteria,,,Not Found
Istituzioni politiche,,,Not Found
Lauro,,,Not Found
Letizia,,,Not Found
Letteratura di consumo,,,Not Found
Luna park,,,Not Found
Luoghi fantastici,,,Not Found
Magia nera,,,Not Found
Mal di mare,,,Not Found
Malavita,,,Not Found
Manipolazione genetica,,,Not Found
Maquillage,,,Not Found
Mass media,,,Not Found
Mattino,,,Not Found
Mezzi di produzione,,,Not Found
Ministri del culto,,,Not Found
Misticismo,,,Not Found
Mnemotecnica,,,Not Found
Mucche,,,Not Found
Musa,,,Not Found
Mutazione genetica,,,Not Found
Nazismo,,,Not Found
Nutrimento,,,Not Found
Orecchie,,,Not Found
Oscenità,,,Not Found
Pancia,,,Not Found
Panorama,,,Not Found
Paramenti sacri,,,Not Found
Paranormale,,,Not Found
Patricidio,,,Not Found
Peccati capitali,,,Not Found
Pellirosse,,,Not Found
Pena capitale,,,Not Found
Pietas,,,Not Found
Pipistrelli,,,Not Found
Plebe,,,Not Found
Poesia bucolica,,,Not Found
Pompieri,,,Not Found
Posta,,,Not Found
Postmoderno,,,Not Found
Precariato,,,Not Found
Procreazione,,,Not Found
Profumo,,,Not Found
Progenitori,,,Not Found
Proibizione,,,Not Found
Psicoanalisi,,,Not Found
Pulizia etnica,,,Not Found
Punizione,,,Not Found
Pusillanimità,,,Not Found
Rammarico,,,Not Found
Rapporto sessuale,,,Not Found
Re,,,Not Found
Regno dei Cieli,,,Not Found
Riconoscenza,,,Not Found
Risorgimento,,,Not Found
Riviste,,,Not Found
Rivoluzione copernicana,,,Not Found
Robot,,,Not Found
Rock,,,Not Found
Rotocalco,,,Not Found
Salmo,,,Not Found
Scaltrezza,,,Not Found
Scambio,,,Not Found
Scientology,,,Not Found
Scienza,,,Not Found
Scomparsa,,,Not Found
Sepolcri,,,Not Found
Sessualità,,,Not Found
Sorpresa,,,Not Found
Spergiuro,,,Not Found
Sperpero,,,Not Found
Spleen,,,Not Found
Status sociale,,,Not Found
Stilnovo,,,Not Found
Strip-tease,,,Not Found
Stupore,,,Not Found
Stupro,,,Not Found
Svenimento,,,Not Found
Tedio,,,Not Found
Terzo mondo,,,Not Found
Tirannide,,,Not Found
Tisi,,,Not Found
Trama,,,Not Found
Transessualità,,,Not Found
Trasfusione,,,Not Found
Tsunami,,,Not Found
Tunnel,,,Not Found
Turchino,,,Not Found
Uguaglianza,,,Not Found
Unità aristoteliche,,,Not Found
Vampirismo,,,Not Found
Vanagloria,,,Not Found
Vecchiaia,,,Not Found
